Joint_Angle_1,Joint_Angle_2,End_Effector_X,End_Effector_Y
67.41722139252525,33.32392719095154,0.22614018326438795,1.728018695945335
171.1285751537849,97.54217052810446,-1.0148639319051425,-0.6416709330547429
131.75890952605292,157.1302504577535,-0.40927172420871355,-0.019646406346232412
107.7585271554666,131.800479553721,-0.7066529710469203,0.26797558988258424
28.083355279638575,145.18100661506094,0.09692119607811284,0.5382288966559327
28.079013660516477,118.58100600792912,0.2059282949828884,0.9104072194221021
10.455050190275903,124.60978161321344,0.4319993066513781,0.7497872697426187
155.91170623948832,152.85521728175746,-0.4147057809627055,-0.20637300556953864
108.20070211377758,44.94024159465347,-1.0262567228650181,1.3012671149843598
127.45306400328819,88.09649345576528,-1.2664737884850423,0.3295831153901541
3.7052089732444404,39.817699527528404,1.5537466159357969,0.6062844229234703
174.58377338915898,177.78024143939646,-0.19378899462894122,-0.009359027354787467
149.8396753440759,169.9306811435904,-0.24648489441811447,-0.02321433491830773
38.22103992208971,7.096826046331062,1.3453548969354274,1.183430941886443
32.72849409727811,127.00353105282392,0.09144575036765204,0.8078296921018155
33.01281177361809,166.54469713481984,0.08986337950305547,0.2835356458696754
54.76360373271679,32.50356212292004,0.5994689166156854,1.6244532475983442
94.45615769380281,102.2301414994733,-0.8492997116936023,0.7649256940011082
77.75010335558083,164.78789356584753,-0.14880966110068625,0.26776038390025053
52.42124523564755,6.110276145443791,1.0149319705358892,1.4603719072455041
110.1335210500283,125.53564810443119,-0.7924498685415893,0.2752603125358717
25.10889491736753,53.52282132705914,1.0496288575051675,1.2081423076059168
52.58603673633927,166.39131516777547,-0.009682004470134217,0.317263988452168
65.9451317928645,174.79048412976618,0.016182668316020544,0.20413721582805366
82.09259715906647,169.9679680404181,-0.12498799239847452,0.24402736093643626
141.33167305074244,85.35855899834348,-1.3178824606781578,0.05265506597393015
35.941280788504756,155.16767717807642,0.017263000017713637,0.4356218836444455
92.5621989144501,152.01889173631267,-0.39619301896030584,0.29403153997508286
106.63462239516764,57.438085183786015,-1.0535502750069705,1.1814046647247904
8.36107428959959,149.2047853471219,0.26140268090996843,0.4545994614556476
109.3580733422589,6.661374248788672,-0.6925700056661771,1.6618504209989806
30.694342263712475,107.32857812676954,0.2657895260176093,1.0577603115139713
11.709286737350313,41.40159071178655,1.4636928113830427,0.8537496073087141
170.79939670559997,21.702039439910187,-1.7612359908033566,-0.019536459315613902
173.81376595342067,13.851576293257647,-1.7852637202387274,-0.012141353850343817
145.511522660963,125.33197965806515,-0.8161332706375152,-0.2357026274942097
54.83047845120672,61.177493478251904,0.2169246947277921,1.5284374652112396
17.580980521149097,130.45801887517706,0.2754255475999261,0.7248917362400931
123.16194477218824,11.764141343809627,-1.122683920460111,1.4159169069190316
79.22744887312824,56.75226080950986,-0.4175778023570805,1.5337343458153625
21.96688227206019,97.1084326275607,0.5429987193177865,1.0728277106561217
89.13184382002864,142.33016967101344,-0.4742357363313188,0.37470922391184525
6.189933800739311,57.375450527772585,1.3266815976424544,0.832663375856355
163.67767237418076,112.66044775866163,-0.8814766804326353,-0.5365383601243487
46.58039668800305,159.4759946825137,-0.025162122490276797,0.3688681109854949
119.25401118371676,110.85537387281482,-0.9811665365854119,0.26075846543586456
56.10799369609397,41.93270545565408,0.4459360507189987,1.6342260487278666
93.61224381200594,4.392140680176844,-0.1816829243828761,1.7853001957833994
98.40785028179033,156.6177973021674,-0.35475684478279956,0.19765351256977554
33.27380199459487,3.828493953069685,1.4878548793920787,1.037429667644964
174.52523299762055,157.4463010831559,-0.29572656267005004,-0.2868743915442392
139.52390820500062,95.20868412489816,-1.2305834402265776,-0.015938909475673342
169.10980948155404,169.03218573232132,-0.24433099788009977,-0.1151622289857345
161.0689230769768,143.78098243925976,-0.49829994680420464,-0.33393616927524306
107.62199618599533,179.62813989600073,-0.06427402621252325,0.18301167721662107
165.93736230416104,63.12812678130783,-1.4779406586253945,-0.3834403195596264
15.92865036934551,138.09389200760285,0.2456618314586015,0.6338247526739696
35.27691523544613,72.3475644496636,0.5716251186966549,1.3527266162077374
8.140912003896851,86.37761165470359,0.9239795671729613,0.9456368741628354
58.55945953738758,112.95098337930662,-0.2852526941595228,0.9599083969109343
69.96191214410676,157.26188055354098,-0.1918334109554213,0.3502405797240914
48.84282571930127,177.13502445587312,0.10139938684287493,0.17758486247583594
149.17275164734727,138.28921449561327,-0.62046297238237,-0.24469383376392204
64.21559880484607,75.19802079012008,-0.1406237367733163,1.4275956067664277
50.56821174372854,75.84426040987263,0.16327139913077296,1.408851244152713
97.68529496848473,132.76481428600047,-0.6506496561896632,0.3749811736610531
25.366360495457275,42.97988623829442,1.194520741902821,1.1765220674745605
144.39545653572713,19.88534036365104,-1.571650938879881,0.8134841363221159
13.419115862358748,63.831988375339776,1.1503741191156869,1.0193947668027041
177.6396485880931,51.70301849773471,-1.5347612723347919,-0.5578209658278283
139.00405847339835,53.33546168207822,-1.5270824823757156,0.48588042720836194
35.76882267615103,42.04939518898379,0.973511764922615,1.3806072724129355
0.9939810822484318,7.576774134545139,1.8096485629674695,0.14066951650697632
146.78305712187014,3.217308252014486,-1.5186247506459134,0.9391953410842738
127.23432189257107,177.79003015248568,-0.15040973602136895,0.15507475227168155
131.2212902473777,76.99916407245522,-1.3510665950840808,0.38085684591344865
138.82866240347025,69.1787964887427,-1.4583749460322997,0.27821333713966123
13.328037312136265,122.33651088475257,0.40938555826133505,0.784817388284417
64.52383113796907,39.28569981571155,0.24402697454072048,1.6826056947976533
20.85643071452335,170.99301311104057,0.14305946870862787,0.19638679216249175
155.35861665760683,141.54210259479936,-0.553413977340958,-0.29452315466609835
112.19366282896043,16.093980416206712,-0.8631265850848846,1.5569534708372808
59.56164447347685,75.1645396412871,-0.05971228111575122,1.4475566545991019
11.440503051484255,158.24129536118966,0.18903216934095995,0.3523574990096412
55.9768179088192,170.05176401245384,-0.005462490227516421,0.2549686168722752
58.53299796481447,84.13227202497654,-0.10984139687798433,1.3475304218048076
131.32911210085155,110.41405005792738,-1.0184978858295555,0.03593605363707374
114.76034484393836,30.06611029657354,-1.0834278000777617,1.3728908038349263
159.69829366373878,178.41035270465576,-0.19532238345510744,0.06677843772947219
84.99868652915087,41.70090624901981,-0.3767947733251053,1.6354361542930087
21.526964268894307,169.69171934432262,0.14473515780282392,0.20281933866524837
128.3840617001391,116.93639681862632,-0.9504401517284228,0.05041946497736782
136.94130875104153,109.39262307819465,-1.062402988951685,-0.060869542140336824
101.02989556250932,92.28393198297155,-0.9655367479970808,0.7894521961739508
138.77409239182097,41.520566109196565,-1.5539778538319178,0.651210342863996
88.88320734559034,31.77504576099149,-0.37858524637165225,1.6739336008499257
94.09190928875893,39.68751763263156,-0.6129899095686094,1.5752140188490764
76.95738330453894,33.558887185965816,-0.02880731933468361,1.732483409498988
4.5754428139371335,140.32520524201558,0.34808451532013873,0.5306909305288814
19.4204568587948,63.02254665001142,1.0515718811042698,1.1407423388925169
5.657253423612165,10.411681781411346,1.7658167299433267,0.32512021902827976
114.55387402748048,174.43847342534605,-0.15872684690600578,0.16342710651911269
56.5840765937388,159.08145929341663,-0.09584993498669346,0.3616743960463667
91.5427244096465,166.99541097513833,-0.1888489124791538,0.22413703208237423
163.36196530669673,179.08340807635835,-0.19370424878662185,0.03411316920461842
44.87260124679749,31.301144859507712,0.9130360168904295,1.4912551403006455
73.86892614641336,71.32356340247857,-0.38908925657531085,1.4190039677371387
135.99920493774877,136.48292562673643,-0.673285133979248,-0.09904855714547901
41.18366978849204,125.2837112496826,-0.012015722344457063,0.8339181604502206
13.856383769182738,27.70126314117391,1.5683493166464226,0.7612369263255574
52.15526152447824,146.84996249831119,-0.16408581261299987,0.5351249855797326
29.019831705720797,40.39930293059892,1.1495968445005733,1.2245704303535632
167.34557742166317,40.28717066807216,-1.6714900778771125,-0.1473398003475984
145.46166832159506,96.65539612081444,-1.198109015918538,-0.15383787978762192
114.01267617187622,106.72918827150657,-1.0230578999525786,0.3998154485954099
156.86290623378918,104.41551741080602,-1.045921495460778,-0.4101421828122089
144.66097384184062,16.467630731595875,-1.5643351652904058,0.8426924298490414
33.58261059948645,157.94295527346847,0.054687975734447,0.3995509072338525
160.660619728196,47.80800766596709,-1.6492254833920514,-0.057146704910350336
97.08160354481713,23.31268583090475,-0.5317093342819861,1.6882431189295026
145.33922792953126,159.97465437641588,-0.3640069099532305,-0.08147711830519026
161.29643398622878,172.0172696813556,-0.24163136062655843,-0.044000727039897256
57.2406254949355,155.1829711077811,-0.11801991543696858,0.40192536184023725
19.809346414981817,145.71289345047805,0.16300649114830074,0.5192684927492652
41.0283292575495,117.94355651502391,0.019833117711145112,0.9469894078289967
76.87940195272614,99.15432670964508,-0.555869351799863,1.0135817702068006
147.24265786604877,15.657616784053825,-1.5956221136495936,0.777264278240809
154.93150498614182,73.52157835272577,-1.440704604794011,-0.17766337132820895
1.2513834956143266,67.08393306221652,1.299137984013286,0.7721186962274743
91.93451446396183,46.755681076858714,-0.6349201346169552,1.5245137789772027
75.13398056678022,130.2156204639453,-0.47544719931850593,0.620721635083114
39.97940588473144,89.25763231417875,0.26349492725452145,1.2694595389206749
21.575766120062905,14.588318863376628,1.5640059999790201,0.8431616172078289
60.77073085265303,39.63297635096604,0.3557160876257098,1.662682134178714
169.72374670425344,122.98657745872727,-0.6797474174133457,-0.5548877337882989
58.17652776373594,13.703554708254034,0.7781209897051715,1.5946471635032928
93.38231191380589,153.21724452877837,-0.3738893164526119,0.2716247350450603
126.54341260113202,89.12637486251538,-1.247933638313272,0.3430402953618122
65.45332842827291,86.50558391879665,-0.28478728815110216,1.2755400334467921
174.92077488977293,106.63340123871316,-0.8405867369113795,-0.6976962715642657
173.24051308958002,148.44257386652686,-0.3566613009217002,-0.3786997761925983
45.32081324856555,62.60565742239475,0.44343967723561295,1.4708718168525914
89.50473106062938,122.04290746063144,-0.6718565891786469,0.5847353911873956
54.15809576701854,101.8317535192424,-0.12583871391766402,1.150468238075366
51.27128898794417,48.065088630495836,0.48584605774812584,1.5803369974932824
6.639650523815903,158.15339754392843,0.2145277979228959,0.31234738981302496
109.72158011638143,143.53668388924706,-0.5627572758675013,0.18147387814381252
90.48222418119506,118.52133023851658,-0.7062921862304782,0.625362813506492
9.266175224998083,153.10471123696354,0.22802772690908152,0.40717263922731034
50.15636356259006,156.11295617276443,-0.07179233368156299,0.42463273042758076
163.48785947399767,127.50533580870626,-0.6658066615567905,-0.4425571759459828
43.121140320055034,150.66239910546096,-0.03595509566284262,0.503176669771636
26.081076976420157,125.54486310047106,0.19837995829454586,0.8223163678664069
88.10149684996134,122.42533891685407,-0.6583965879143522,0.6035484699834911
177.41708173990813,111.35004807873318,-0.7348802675465195,-0.7109531499371998
43.56994887207007,135.48899512037542,-0.05635981591244259,0.7026176874782113
120.98439853305814,28.548918952753265,-1.2056703078017341,1.2594231618486529
137.09153075916916,158.55673665580713,-0.39591130475081965,-0.024711288403682002
42.77475791863194,156.93183499414175,-0.008045466856444939,0.40117083004695653
131.07894275013473,5.264510946220646,-1.237094792771375,1.32139574160748
66.20096388946558,148.64701510165727,-0.27473360010845205,0.4628443052074599
113.8150495068443,23.196576145220135,-0.9805050465626517,1.4463405379736598
114.03534793696105,60.32139376664554,-1.208776201317802,0.9956382601030487
96.43944313345652,133.8314861324894,-0.6243848514608364,0.35743039560396533
16.252158609793494,28.936781288695478,1.5271760496580986,0.8536680270297352
150.35444920606284,147.2340643414312,-0.49670227827377006,-0.205551869514022
57.74041169491245,149.78415203239354,-0.16859967636595607,0.47001187267249706
33.573331871973764,91.34419207695052,0.37090650850583523,1.2102207629638817
7.339525479857505,1.1494569090300444,1.788173023374021,0.26538579238509147
106.36072977388352,51.666863971484304,-1.0261706751652813,1.2537778108346418
121.96158513161083,111.0468453076336,-1.0033204580170063,0.19883488101251046
2.9858092070141073,176.61351204493621,0.2048157029823793,0.07249973715285951
92.17675049387057,113.7264348630003,-0.7669635064891613,0.6694228442081579
40.769239535628834,46.764644591548766,0.8026284129734996,1.452310131919712
116.13110227370098,114.12102655793004,-0.9573145702342672,0.29281078653874826
31.385957220898458,97.19736834885398,0.36283734184877303,1.1595767787129392
124.36879285844387,140.37217112720586,-0.6341715654149226,0.02136386493144219
69.61236233409673,19.256514988852512,0.38254407089645753,1.7323482277822517
168.61139797261222,136.98502245036505,-0.5168873992706613,-0.44073862811430076
24.753769946278787,97.42798416169985,0.4785370344646133,1.112659887914484
61.39194318904653,173.33856069461905,0.01668268813000473,0.23038836521692332
20.425233823306034,61.5369898869635,1.045957364871691,1.1323275364733312
166.4448512901413,113.87194076411066,-0.8208729046997079,-0.5328142757728839
157.9210836085766,167.76505899180313,-0.28206053464052805,-0.08040707806681428
46.42949298872801,18.451751038322264,1.0183065337948571,1.4455192790313414
118.79712828615223,168.7011277025612,-0.2518463659276029,0.11677332046795637
147.09999603621884,123.8194300141464,-0.8172796925457285,-0.24118088733153703
99.93614608790323,12.210670638930942,-0.4570293741627901,1.734517150474323
95.33710410408116,54.17344205042693,-0.7834379331263978,1.4057171330385652
43.5334123620813,127.47097595615068,-0.06687564273702956,0.8184974036963278
16.75849820506186,12.123108264378907,1.6587248292764487,0.6751744882385607
161.49883643159882,104.79068283172919,-0.9884703075324794,-0.4754177275516783
162.0752502893995,62.25895025153221,-1.532955650453825,-0.27660185047425306
113.95826230918823,111.76479319814588,-0.9621891544011733,0.33809646067810717
61.02536238876612,8.233566086252313,0.7774906406559504,1.6253997716248154
62.85772343027896,156.87662510742774,-0.1540006008838448,0.3669831275139037
130.6720221966431,175.22801445193144,-0.18073400941514284,0.11428288944578119
161.47984679146387,174.39801395142447,-0.20806046372554995,-0.011353033578265642
159.67555636772113,134.93732971372646,-0.6315849434070734,-0.3624234691888733
140.3775982543723,23.415523223513755,-1.5316933560337287,0.8767405088152255
115.5656963077718,136.48737526722405,-0.6845952285500139,0.13635913008474673
15.14519369910879,4.425644962584272,1.7007429712629125,0.5277352391794357
29.09316853703048,3.9822392752195057,1.5493046568542799,0.9220855997829215
161.73975393487427,58.24983944691743,-1.5488354671114066,-0.20530173099560056
109.15723073872618,87.95577427283983,-1.0941170960196114,0.7111660331498612
1.6554692909933366,138.67333520540276,0.39333489039714514,0.5320112963297414
18.264877715885778,122.99316778917094,0.34176266470659517,0.8027554096808103
119.43031843945005,80.2624871478147,-1.2314258409869554,0.6075994053236631
0.9110850923193636,49.25279993069986,1.5287482927875655,0.6364999752981927
28.945449255149757,179.48241002838802,0.1789684054769068,0.09509203040698691
98.7720820859855,76.71263440247513,-0.9492670536588385,1.0602363768325807
124.54113558468478,81.24966437934158,-1.3033283477618822,0.4693343238194561
117.3530267104681,29.45228781450045,-1.1313844694879287,1.328712513647393
40.36847570290076,143.0657187749873,-0.045101080921548055,0.6079825476391981
128.19225984255647,124.86280064066796,-0.8297548591173197,0.02033607817027514
42.704835749424014,39.73853030197687,0.83830339458269,1.475821390054543
58.57194566866819,14.828588210851684,0.7512031006621885,1.6147914803009942
134.36845292124434,122.48987437344836,-0.8756427080886668,-0.06615554785486273
116.93392182849864,117.81201857060434,-0.9142890324432833,0.2361903878042858
152.86021388895202,49.18671485967768,-1.6144471241473977,0.1484044660638813
118.37032061406181,171.15544120507386,-0.214010447078054,0.12413404260653589
102.29554860038489,27.190420520562043,-0.7197197963801778,1.5790002001952297
16.861458209056646,77.82026418766834,0.8842877533548188,1.0824777398188608
66.18884455069804,169.8508656301678,-0.0563713426415057,0.248492377469448
47.73642618271058,75.55091704670201,0.2273539228509825,1.4062399173579294
43.91813580823504,114.93467057953539,-0.026164130397635377,0.979827010596943
175.14189985544022,71.56699163330298,-1.3170228909988522,-0.6507355620682453
70.75759044001687,49.35873642276061,-0.07876443716711726,1.6409338850576611
160.5683799318804,177.11597663276908,-0.21701751281007295,0.03765978844996729
113.60495267950732,73.68012113670774,-1.1948013062319642,0.8083855036115751
143.06603463749673,160.9378566622442,-0.3669764225057482,-0.07433750376827966
90.47467675893458,41.391829060395516,-0.5346018810880732,1.5853066966379683
103.84269923274464,38.358846724515,-0.8705699636485779,1.4563928025842952
88.6531848873955,5.604134919212045,-0.05046003595103148,1.7939970925077513
35.14373780364801,117.30002856765931,0.10537267344925985,0.9380248401363664
130.04138074707095,66.334741870277,-1.4184075096768562,0.5270655169731343
50.53902523935405,155.58448497113466,-0.07953333396014432,0.41525034421286133
4.376873957661691,85.17778320448029,1.0167062376772458,0.8781066862753177
116.1850132632902,174.2748170246499,-0.18038238820781985,0.15379012761428637
31.87992229326881,33.394592826561805,1.1849239786838481,1.249224351279022
169.28254518352458,156.35217023200994,-0.3237929891987337,-0.26973759625340543
171.70714386046572,139.78743350251352,-0.4527910499616292,-0.46424890488860365
164.67559023968073,138.76593203592935,-0.5214444585654433,-0.4035894029948249
66.62856604598,152.06098106103977,-0.2352649879713287,0.40938801892082577
2.782190975196137,136.9843183697398,0.38489584245840575,0.5709938170716723
167.09734126579056,112.71965789365477,-0.8463096091874904,-0.5828492010044861
77.07314669711658,23.624077982829764,0.08597179740042678,1.7571575889104956
173.9978674278605,5.854712308425345,-1.7943022395345944,0.10963492601289816
173.4515958760655,165.75261260682365,-0.22658255319380727,-0.1681497381959097
153.5417019841248,110.99705661373285,-0.9720033957583649,-0.32389198019413107
53.00080057252542,143.37671237571175,-0.17281997327374876,0.5765699750033811
69.31759114834655,86.674023272259,-0.39273825568138737,1.2510082390801642
153.20460087303425,21.115474013231005,-1.7067256642387947,0.5290281043309745
57.04596092812998,22.53344259645908,0.6728229078345006,1.6081499394934646
30.508694403496648,123.40175170121485,0.1457371840759245,0.8586834564752416
100.22422724250303,77.45506108190328,-0.9717574947534424,1.0081844684874686
168.50785934894057,36.09445080606061,-1.7231394091798533,-0.12466654417988311
125.28536340149515,88.48701841345864,-1.2337007528104067,0.36607378407232527
102.6110106160857,11.557608673524136,-0.550700117027458,1.7045827581311002
17.491768878738338,104.75485234459178,0.5283763570634006,0.9708206371682089
110.70130080585055,48.41881279831758,-1.0848375944233093,1.237952539970914
178.20969301876738,143.56063811469386,-0.3621142156517691,-0.46702295615020545
25.215122742574327,55.86515260624328,1.026069727417333,1.234668906000967
93.29933742547261,81.93962683472421,-0.8637040317373038,1.0728841234061435
157.92715294703197,2.0916971834581144,-1.700069051425665,0.6539745736812215
133.3383511957568,13.040439803020599,-1.3596699396500944,1.1739607353936925
125.46283337914824,70.64884015320327,-1.350864142536861,0.5964216918039768
126.44713511767966,86.38899024908223,-1.2761325460115744,0.35133814720539613
64.70840721955594,108.00369866147467,-0.3676243843160509,1.002840438479937
52.846531967608804,52.49926416767458,0.39300539978670385,1.5769492104479992
145.68500798613246,125.09673950277765,-0.8172844583890995,-0.2366723222310959
145.82041104225254,154.82203149405683,-0.4260376793059337,-0.14055496524443076
156.07301734441867,140.37317800080297,-0.5560907417611446,-0.31123432916118865
164.38329946016484,7.131388562704286,-1.7499077127584453,0.40428630060165105
92.04163179496881,86.49125050640922,-0.8462673941951513,1.0323167109788125
90.27293304369593,18.887432115271476,-0.2532248686346766,1.7550515265218787
143.69313221401953,43.56810285525494,-1.6004273433471594,0.5005094799608703
116.99350753999772,177.59926678808637,-0.12076813750287638,0.15996201233067692
126.35403790638661,25.64919772227238,-1.2920701567584936,1.1638682169877828
143.2426804984982,89.79986762124409,-1.279822638607451,-0.05008346490723239
160.20096152716192,111.26803217726143,-0.9108463127218452,-0.4453860574563396
60.83912823327645,126.44369469793871,-0.3034113390386881,0.7691013210774111
67.60493147518993,100.73676302764454,-0.40862967167576364,1.0838047133550133
16.91674917135642,1.7587525354530587,1.7182214200130415,0.5441498684109898
104.09042537931131,58.76303548391854,-1.0193332860384663,1.2248073431737916
6.469609283413575,93.18809580924805,0.8605079965338753,0.9175978400890015
83.80764326384283,15.815969846070004,-0.026205635140206504,1.8050949434001862
97.67603424736379,63.112847617652534,-0.891102861767527,1.2526886207932806
51.577425383091196,5.976559582445981,1.0493749041054115,1.4615227669658193
106.34998690242193,14.144129487903733,-0.7062823659732842,1.6337386568322485
5.490044989028897,71.4461897162873,1.1707538314287211,0.889737435649729
6.722673974858595,23.888835727750863,1.6825646518480883,0.5127574159287163
148.06810091873848,102.15735268708046,-1.1177347083008098,-0.22174625980384077
64.83431545402732,124.10369444470783,-0.37532506414252714,0.7698162614769022
22.870892277339262,144.1056058396349,0.15461788104626134,0.5630478120129813
94.00378680986479,36.02704396406582,-0.5930439325647308,1.6017455727428975
138.59883955774995,30.146864806632557,-1.525019624480711,0.8113793880786371
38.84778494943177,18.822211260192045,1.2109229751127715,1.297847854464565
112.12028564742005,114.55744491785461,-0.9318954858836315,0.33890776833229963
15.36254369887824,127.16563076764221,0.34709983466681243,0.7599561234978358
9.302709810349386,5.685506068615567,1.7476949340065433,0.3574981672538251
95.64383368226665,168.51820432386415,-0.17052507614297757,0.20150704044853698
97.31432188981917,9.354831057265034,-0.346782562063837,1.7704238942808104
114.73738226967718,97.43334035419268,-1.1023382159631614,0.4771483352834725
130.6964400700791,127.63089350116495,-0.799982743564123,-0.03245989051923579
175.65337430325624,156.7744422742954,-0.2904815322943353,-0.2968076525123842
92.93406269421516,128.535647783837,-0.6477444687883652,0.48070713993259157
58.13216512942427,144.31105495256253,-0.2088417855457771,0.5457951422109483
143.13351505836667,61.10103465770509,-1.5308770350976202,0.26626182688314864
48.74980522717336,146.6685204743722,-0.10375188109665143,0.5439847614967573
79.01485572701449,14.420672349241526,0.1505490764776165,1.7692159911302496
14.122148641607872,161.06699809089497,0.15511085709262834,0.3178967911166581
4.563133814782352,98.56662770767252,0.8281479209950309,0.8627301010509629
173.27671464202652,147.11359859324887,-0.39342369963084234,-0.3960471251302477
150.47642169219705,81.41729121329402,-1.3535252962629543,-0.1450980192463027
125.27535709686563,115.8439851353745,-0.9526289481440988,0.1070171407676218
73.61152999456858,94.75247896850038,-0.5123202594869523,1.1260735166287732
31.19297761275224,131.68611391595974,0.08677108262396795,0.7657232500114775
28.15866768079549,14.693396765506124,1.4570767919409686,1.0096280141986709
45.04372166962716,10.863375118301484,1.1528469208394816,1.37473384260204
98.86079964710169,44.47858212182636,-0.7988637372410331,1.44485434307706
128.62726608601122,28.7180424203739,-1.3547292080290376,1.0835184286766013
118.83552780919163,156.9210419865963,-0.3889521529521914,0.07973157882309219
50.38810145026971,39.45851772444798,0.6536824234948128,1.561281152342411
171.87575051937495,175.65574604744364,-0.21445374280509644,-0.04076714788238241
132.82144500523833,60.64124251879923,-1.459825492008686,0.5405480464118635
99.78372945205213,32.78122482396587,-0.7279045230127253,1.5775868968662659
110.1097343221834,142.14573128564624,-0.595696695332678,0.17522266021160787
75.52801123700219,118.5673995901577,-0.5163580454281145,0.7510577578264696
44.591578110208346,89.67522896156501,0.16988463666367634,1.2537191622927868
64.07508215722709,99.96543916877363,-0.3443156411796021,1.1132650403517845
136.41229988358643,129.45632008900748,-0.7878795037474944,-0.10388024699594056
2.5908279533560563,41.12185343963377,1.576965132257112,0.5705619494715135
20.893075291244923,179.34010489021355,0.18641487244178193,0.07495448750007033
8.280475563915495,175.46276918642096,0.1831855861211836,0.08652813372779987
7.331184417414624,117.05862354244864,0.5442095730085286,0.8016590140261779
153.9829051219813,35.917641167246124,-1.6914877559907022,0.2972382807882739
126.65841468840426,122.44108363763243,-0.8825845263324925,0.05867799897660886
85.35128923571854,12.995713616251653,-0.02962516897237585,1.789648533747758
17.610148917180265,5.517450397045092,1.6889072379521073,0.5954571802577153
88.49085752102982,46.38291993201846,-0.5424652480700874,1.5742654631484032
85.22491874050182,83.27213221307693,-0.7017832047627797,1.1582178198794992
31.176336583802733,156.2890509735085,0.06147567992986324,0.41881459387261755
78.09329686283515,130.89043255793544,-0.49718732538918936,0.6300982469368722
71.73085219152722,133.68717381599657,-0.41166702910823183,0.5853778361529525
110.85301764939896,76.58880020065357,-1.1332468796646047,0.8481281766940472
114.31685715617589,62.268298658453325,-1.2047528363576143,0.9560596855469619
8.154721758968012,66.78697733722849,1.1947752571925387,0.9172495767603798
67.43027063276482,177.77692147249041,0.055306557000514955,0.19669389876830073
112.65478482856255,7.219654454246847,-0.7869968539332739,1.6122952158585753
90.56452654441578,156.06566930204073,-0.31545277173782227,0.2598820903028852
154.16817141389802,104.16157354303081,-1.058203559404464,-0.3444361052407773
118.56485369141011,78.95077545412629,-1.2421341290644887,0.6223319572294423
29.328196874657344,130.54637887472458,0.12515216501140786,0.7725784513104785
12.702374532077371,87.60040945644651,0.8167366530932939,1.0028257686377884
115.63547007713682,157.2161828546989,-0.4041114879732994,0.0912548148691536
4.772035897491927,162.12633552202652,0.2054187111570196,0.26003454424100736
105.4396046292234,75.90976683722198,-1.0645711867339913,0.9576440671088209
169.24144345649236,49.829003502309284,-1.586194665350036,-0.3229029503147633
103.58535201765821,106.6230591468052,-0.9039413752019714,0.5730881652373385
69.87058671717395,164.22540221100436,-0.11862099829154048,0.28360767402264514
115.79187931962358,37.91919402101998,-1.147352681201852,1.2622780048795388
82.485520288473,112.1339850414269,-0.6613324741939137,0.7963478942844333
98.21102207686829,113.6808396166537,-0.8274834646917831,0.5855806701828712
169.46366557977453,131.96034403475056,-0.5739231706934823,-0.501562530297719
69.49847480413936,23.682183322906766,0.2996362800211977,1.742117055735439
173.01430148830457,128.84849364277594,-0.5719484218826542,-0.5568494514798579
162.96311555209147,163.62585371981538,-0.29304375355229617,-0.13456717757929046
35.24240426207336,32.34295959664355,1.101970292898618,1.3094075259649252
12.485034157529782,42.75779848629797,1.4399112440679056,0.8808951507065513
18.140040247936795,174.85111692749513,0.16004714093128716,0.12955309690102856
3.279928617278951,32.57585148770816,1.649149550332932,0.5251700156200054
16.99973293606711,153.78931680652425,0.18736239274510977,0.4213406475486554
122.94121921494423,88.61001416064626,-1.23471027501654,0.42314266240479054
12.813956722841217,44.50159339257187,1.381802014145449,0.8939496360391179
57.41561345287703,156.73498222905206,-0.12637079729213474,0.39565031282746
152.07755597450182,80.15494590047979,-1.3625396498629285,-0.14834490313219806
4.188948432448656,92.66712370734423,0.921411523334821,0.8771796502642303
146.60432686600845,64.66200649195783,-1.5309960870968604,0.14389568030879124
50.733859459211985,106.73115325828694,-0.10102609535274029,1.076256998920433
21.269668971898128,29.434297065304097,1.4338921335154924,0.9729727966585083
125.41268976554711,70.39467659731693,-1.3502675581011316,0.6066293195377077
113.20971242037912,174.49421802035175,-0.12437554693660142,0.1657165173326085
157.94496243486952,46.46401788620296,-1.6703484089883223,0.05962603825241148
132.31278788469945,118.2125996174326,-0.9373514959267863,-0.020790385325747222
144.62656746927274,58.53421156044508,-1.5462432159001962,0.2619575474961168
50.76622306283517,139.22516262358812,-0.14452317926870867,0.6193768299506377
31.939117880350107,23.557258929302968,1.3027572181383695,1.184365419323514
135.1106552953545,174.56778811413804,-0.1946079522535462,0.09999367248868135
145.23025306810752,81.68211744905507,-1.3718598149425794,-0.01863287142255492
178.2909255601212,42.48908340236351,-1.6026422750066105,-0.48629580240078735
74.27118184405677,13.229414519402278,0.3025398866927151,1.7598894296655792
66.96325544270097,30.556422915757334,0.29284374048808376,1.7166146320264606
139.75433293355943,93.55931074008318,-1.244924797878618,-0.006945000529998616
61.34463724554321,60.66057175763154,0.0593139108068157,1.5567720505563425
167.53631860864164,149.1990058588697,-0.3941692791285109,-0.36238626715325334
154.51429533174212,77.55975425912507,-1.3831461898145028,-0.2026276991916726
77.21892492750331,44.768569065773384,-0.20307486361497334,1.6374487402169453
135.15679220246952,111.08609758872541,-1.0490577009374802,-0.014980139060203785
135.81771733524283,127.21989903938025,-0.8014810848405342,-0.08938330307216028
18.56229639046787,30.067543422170974,1.4676576660911047,0.9233665739460858
162.459523202322,30.171458931897178,-1.7406808698795004,0.14165280169254177
90.94542704061429,6.6008568480377345,-0.12751831476723116,1.7834459778599394
148.7623438993935,132.5523627118153,-0.6843209626727484,-0.2483887703740177
57.608928185510116,119.48481497192492,-0.2846325831888679,0.8942949287077537
161.1941811293161,85.4335576349665,-1.2326018643103989,-0.41436115141416513
70.05630217214936,151.9506808144555,-0.2427934654393311,0.4160075190473454
1.9507772664537049,145.02062753100958,0.33093391361326724,0.4590239983692966
162.96875575546747,105.3637855914154,-0.9799729476623057,-0.5150132314836332
16.43160182150404,156.28883049238655,0.1684618885602434,0.37815333578594934
57.47645476627468,37.05141780661828,0.4797021281163509,1.6353840369663588
171.01115406914488,20.14553149159102,-1.7661479897174632,-0.009117563784873382
171.1092864487601,48.55493007305813,-1.5982675560218242,-0.3438486507523024
103.2188198621915,10.275634096076674,-0.5467030799771173,1.704594234411482
113.73069819056387,95.61051504018576,-1.1017853256423502,0.5269644660177132
80.72019395609756,168.58902461309307,-0.12291620528038748,0.23280838620772815
52.77793890565162,7.081837320331736,1.0046510677727412,1.4699303344306438
59.15961816658487,21.979784521804824,0.6472105686331648,1.6517521934668984
121.05332209386691,81.39582509101835,-1.2492750590587252,0.5320744269741887
135.4274152987824,168.09750315502288,-0.2999261440010632,0.03420937614700149
142.48422787065275,56.908098895815094,-1.541240432163095,0.3296687987443149
142.1312657030197,91.30226556391064,-1.2640757657114343,-0.008805739797248087
16.417098548764265,7.4831146290705775,1.6904445445041374,0.615857346415054
88.99565484646466,26.701776173175993,-0.33325189838810354,1.7217810782200929
10.360576802995972,177.59342213259245,0.2026329840248644,0.08177700894243081
98.9151988182724,173.72136535848819,-0.10869680203369156,0.18030249746733676
79.47549024720786,0.8891965681937308,0.3088284770753717,1.7773261074253728
159.78675289649397,171.326121376183,-0.23388416177777513,-0.03895524550806676
63.16470225937417,115.04158880679006,-0.3578972268218655,0.9199888920751005
21.072062956969056,156.225293013604,0.12022261426812743,0.40998743553332007
25.738502769510454,81.85317401409463,0.6527330907693366,1.2041770973107517
137.071913709145,92.80728514426504,-1.2391062205815906,0.07221711311441385
111.279251396927,87.99238444624564,-1.108554126636728,0.6512361363977184
18.202081702102245,120.03556635829878,0.3583605126809767,0.8356029599283368
15.139225100699537,25.13722585613632,1.5828923002689912,0.7771193371566062
126.1744436626416,5.395246177082031,-1.1159083080595178,1.406676759346674
13.097341145554836,55.42738948641436,1.260451344664274,0.9597646115111216
147.93481067226412,126.8425372925964,-0.7764982999250658,-0.24222012078193067
127.12360088816932,36.33362138213071,-1.3624183113187498,1.0402842379999442
14.642780515541958,121.21783799848512,0.4009453622566437,0.8159380029903559
15.270788535334546,174.5841682993087,0.18838561160773293,0.12717793636727304
177.5951241302116,16.90212884209531,-1.7665639393148669,-0.16042827977891824
67.36874323610166,121.06838128052273,-0.40302858764945426,0.7961020556261345
66.71558647204037,79.87503947482281,-0.2618090906726203,1.3598226113309373
146.30392210635046,156.26560578795096,-0.4015991857908587,-0.11682605231104938
170.50474392909456,31.886962100529463,-1.7347989593971547,-0.1522008923393812
177.48019148811676,124.67267140070962,-0.5749198036033975,-0.6299984770540673
135.6080733466095,150.86075213665984,-0.49522539742390376,-0.06916923083418677
67.72672539556484,170.0305595053242,-0.054532809881023,0.22967200876968744
15.030129005760378,122.98464509213625,0.36969053351610454,0.7858742590449199
139.88644486693863,89.49145752151692,-1.2935467921692234,0.03295231254759824
100.51276495244491,111.2125032362185,-0.8659976255206115,0.5814137043650989
76.35996166445572,156.40289720616929,-0.2672071450194196,0.3404517143152325
163.14378931705247,102.70975439498935,-1.0127474705351616,-0.5212899557798912
20.015546815107243,5.469670745430635,1.6617688978457597,0.6913580435113214
88.67251877235465,167.57076519125602,-0.17524383967183438,0.2072072108715448
2.0436560581354324,124.11481518568101,0.5339399087901646,0.6923984181273886
84.35891555894273,121.77240943990438,-0.6105573203553925,0.6381018628243307
10.134589622730722,38.82152743158909,1.4936310285500736,0.7783901851934574
21.387224928252945,118.5993846418783,0.31079454189525957,0.8923004446814494
21.154724419878878,70.89559301774852,0.8962961227225054,1.1475039260745685
116.85785438089144,117.22193586746857,-0.9305040645742956,0.23029109960494773
134.2880782677762,19.18674545543833,-1.4057621747448805,1.0672748563775822
105.00637771748873,118.41215482854649,-0.8419467376249277,0.42642280846345104
173.19105872541755,179.89447063871998,-0.2014105921525676,0.007055410197868827
67.47670431426673,8.678166994900085,0.5544590474147251,1.6721591856336906
51.42817553073493,175.8913531598371,0.08752207060060628,0.1891990286331495
156.34784307410285,73.24343293011671,-1.4469791699115604,-0.20245124271096337
40.247250933501476,156.73562106070665,-0.001250895481153492,0.4244213252404667
173.38005709931002,140.8293871304892,-0.43273231888269964,-0.4627852532846207
2.1878054441669414,102.0629269776002,0.8159451037284076,0.8094430742819685
174.57818880737503,132.92085766523877,-0.5216156909486155,-0.5286644755453587
7.7687841511037,158.13280103424262,0.18472350838726137,0.31134889956038697
160.4057604656528,72.74525789718594,-1.4200190125371712,-0.3087035361940684
94.98619963553398,58.865969081382964,-0.7870386797817064,1.3506708621034216
178.73366330147405,120.16680940144525,-0.6007346180382742,-0.6737762991445433
13.283381652371794,145.41226954942655,0.23001122768241328,0.5153269514959106
99.69377119223775,137.21132425979084,-0.6101205482489195,0.3158523668223704
174.4744564114378,143.60645679455422,-0.39201091826448853,-0.4630581384799042
94.15761195062679,78.40499666632795,-0.8755053339898821,1.0943400917397768
113.29175486434725,147.2101589115039,-0.5226614816944909,0.13400548875616086
125.23476401723109,21.637629966709518,-1.2418377073414162,1.2441764783046108
81.81739165819918,98.00803763295292,-0.6470656988681184,0.9928467845002542
112.96045441513142,1.0365588896618827,-0.6878503192502595,1.6560963689747492
105.17657614615804,58.425449382048654,-1.025329640022459,1.18754414517483
162.20844188837802,65.96307627685162,-1.4907864316974648,-0.2888560046785997
8.180348461462417,71.31108448966597,1.135475383324226,0.9192442407147197
50.57337412660146,125.18409720417519,-0.18040909028264152,0.8295551712461058
171.07406713378057,69.94045822866224,-1.382507171898732,-0.5385343720883774
160.24748110036495,80.76485207205552,-1.3329510574386532,-0.36025141115522674
82.01821550142833,42.757943557378944,-0.32268008510434104,1.6415562428759312
111.62386760427661,67.18532249328122,-1.1668155111836946,0.9484908661177021
49.928612936603884,40.90853290736727,0.6238290109164799,1.5723036818582332
33.861808750277035,13.175266278319855,1.3868141572309143,1.1221282023054628
83.4657128891968,108.62074680864802,-0.6684663573518494,0.8375846874005611
63.603401044689505,120.27830373990292,-0.35367575059099243,0.8382182326491912
105.05810013315697,111.50826228173061,-0.9056112430901923,0.4933150174609482
13.99223465369727,83.42892788410302,0.8685509181331285,1.0470616762549336
175.39106537990997,68.36144043226136,-1.3423149498754503,-0.6508760445990535
177.51793400632852,155.40005692292854,-0.29544848618658925,-0.32800002002597467
125.66910852355413,93.43472132451924,-1.2104878491676399,0.3049303990640793
96.49734594194167,86.25273797335157,-0.915273102619575,0.9473558900582466
55.71497093153899,4.615571845158424,0.9458479114779911,1.5387112818546664
146.48310354725075,61.42460897270814,-1.5488777065539312,0.16917613407366908
123.25161105969826,68.43521138145427,-1.3364944922889563,0.6686656092197877
29.271049082080435,71.78810056144209,0.7276025065837283,1.2761293748007745
163.96689320889163,104.43102646091981,-0.9808429992442448,-0.5355160273122916
148.0567037261704,96.04845841083812,-1.196012816934123,-0.19455479085583383
170.96398439254634,109.42291670282003,-0.8348454106469168,-0.6266603535336072
130.6295115099048,137.6789870775831,-0.6761533135376852,-0.044043993224244724
110.41473526844217,146.33743296889682,-0.5282392807174319,0.15754809942101142
75.2837465323114,129.262153720769,-0.4747029030316963,0.6295647363000165
167.89112700372237,171.99426527188825,-0.2238918557457214,-0.08049400682080372
155.8915001100735,3.2818648817450935,-1.6663295753618792,0.696115004016324
8.139360619114093,35.240037423038295,1.546995802411588,0.7085916166699558
4.746055409505361,1.3613174960655816,1.7906878188819462,0.16803723264940784
67.76340603804893,116.54544854782854,-0.40507929658030495,0.8677754497948506
145.89959954072992,161.64549881099765,-0.33128570171817284,-0.06672713390616236
177.70970327669,43.82681338373387,-1.5883738081232905,-0.5032085307149504
27.075040398635075,166.8662180633352,0.12633788098785326,0.2794406183144407
106.94352876338432,10.848130252120953,-0.6635487325202193,1.6663348326254854
68.56035419358388,168.19848482499256,-0.07103726937207208,0.27802510067894376
174.58459160662858,63.292083703134196,-1.4271078533335761,-0.590478704548413
151.58140616442756,18.255749120858972,-1.6701030936422552,0.6352474459575866
150.89916684800482,87.45691665353861,-1.2873183115454858,-0.18696040322504384
84.36476876309465,46.21978218969143,-0.41022188088625106,1.6082550107601576
74.66751042077973,51.27712235314611,-0.20657705657340236,1.6144155724333495
49.21327294752712,55.31219368673158,0.4480950922456428,1.5290901237294945
10.14758939716688,144.54466160987943,0.26114266729024493,0.530173808248476
155.65002772590958,97.04902980154581,-1.142944410959775,-0.3500920171768978
146.32218164341396,56.03538584808066,-1.5864698085595095,0.2305431517441401
179.9491811915035,109.8600809959653,-0.7518494045646537,-0.7629457074080618
179.39463067330297,128.90712136017484,-0.5096071289429271,-0.6190989006377379
99.97770700847295,49.072320132036076,-0.87156545248831,1.3994067948433075
138.41773473249188,74.43883827456327,-1.4251100166958004,0.22909850309850893
170.05783137883705,21.93949680065056,-1.768986161971126,0.01855092153132334
152.93653032193407,32.606882916242455,-1.6912941834604684,0.3581862667028786
44.52265831377558,122.60121371369691,-0.05238541495819039,0.8809023258670537
81.09794435581684,32.65890258521285,-0.16427157495041678,1.701985197164923
23.248694727269097,94.52940906007083,0.5489661031380745,1.1101273642942846
171.72918490657003,127.62832711003789,-0.5911710679114007,-0.5543545253051994
109.1114342011584,19.23784615705389,-0.8351578355812473,1.5764740964622765
41.15570499062329,102.11619953320263,0.12212903277650891,1.1278833325929218
120.90612319305421,46.181301066245474,-1.2941603292618165,1.04957591532512
111.26308328242125,173.32683754276437,-0.15442674726693092,0.1681395316321196
64.46928924591128,87.03821640958645,-0.2828274379935742,1.289824748185159
20.440366595933224,145.07865895952847,0.14691400750452824,0.5479839383929228
120.88317520670392,99.04077758812711,-1.1186279030412314,0.3505980076907535
93.65538616268279,7.814255913867449,-0.21907011621343717,1.7749207997351792
139.01731051241507,113.96724760692402,-0.9980318169461241,-0.1005942002391883
93.62943020015881,171.25260159719826,-0.14336510654820017,0.21767864207943569
153.39267005733723,108.29012762633961,-0.9985652285689787,-0.333006342325283
99.3432309794074,147.45399469682224,-0.4894316309537191,0.24414446655426494
100.96883487636953,159.1571634027134,-0.3110339642255462,0.1971952080849558
157.7976484785021,41.054358950807845,-1.6919463635692369,0.10644750107882815
72.62691591823146,38.1680711834808,0.020956266383282456,1.7079900004893178
24.122741121115332,109.97657799317851,0.35266244114254386,0.987706427196452
5.180881736401015,73.98512456520685,1.1523177190805534,0.8573428317141509
135.9247060212514,151.17503451600967,-0.4886386520434919,-0.0806502406859547
111.65571924362364,162.004162211642,-0.3195896595029139,0.12821821462317246
126.73435825786024,63.61584827448926,-1.384679029371976,0.6546770922291993
38.33354907160393,42.636700615406774,0.8999492886581978,1.398229259726315
24.546865605618557,140.49459274389514,0.14413972711346396,0.6258232408698637
2.618039820218747,49.465086398664496,1.4854381507738341,0.6793147655120898
63.105760585187454,148.0705773324621,-0.23440345262344472,0.4757613494483688
106.18518363383396,76.2728856567773,-1.0879501646981096,0.9184972894148209
70.60392811795182,120.15898187246468,-0.47945354737992335,0.8043361804524809
78.74548596427123,17.196356490240273,0.11044217119260684,1.7930259652674312
162.74856500887472,112.29467844178315,-0.8605602938181712,-0.5051730286863819
62.68598406419406,81.31818217270124,-0.18053482527932777,1.3525644788483773
92.51810804876594,105.58952337158534,-0.804507207760567,0.7553040392028467
141.05754229340576,30.242557394075416,-1.5712018257335363,0.7459665707073753
71.37770081782863,132.63727408995277,-0.4111984869513567,0.6206699133345472
111.97560604101723,155.30347395778114,-0.4067175473571113,0.1356417056505442
155.22546757441413,39.013164016339616,-1.6951957456660307,0.2031861977112551
170.91371225837557,17.22861999362911,-1.768243840108789,0.05779864633972596
26.473226567226828,4.254945488340551,1.5899774873495545,0.8552788937301967
166.785772529069,115.55487007978788,-0.7953615945363973,-0.5570376858308431
88.58093275431688,109.27692649598053,-0.7323065434852329,0.7534756486186519
46.483989893812506,98.4055342885326,0.0343177491003316,1.184930154680356
82.64443612288703,41.75047730087557,-0.31715992663203846,1.6345896604902224
176.40586355138586,70.36307926299264,-1.3076670630480307,-0.6574995692346031
88.67125691871652,107.00574033351114,-0.7505917903683229,0.7839732154666702
59.17528985175148,89.41803459465049,-0.17611482465218617,1.28005626854154
114.01215377701064,177.8013936386797,-0.10864196507163781,0.18025626273529458
43.22621138007475,24.55915546021196,1.046607380673777,1.4152881387719611
13.655399059559505,125.12601972856689,0.35758111423362526,0.7679632561336217
23.19834994391686,72.77737825877259,0.8211857098966854,1.1868918978360359
23.04825101239904,77.07593068661066,0.7811973093262508,1.1875171536409181
27.342484832212982,129.16759781847173,0.15508159248916942,0.7569062101448898
24.988891076893825,124.63850723838654,0.21791868592776698,0.8259485973754471
115.35745406457863,178.4260788663939,-0.10319884368154345,0.16556486149356478
32.738415191846066,23.11097210174254,1.2880125543065442,1.2071788507472536
62.220110998295375,18.739736889149942,0.6066760235385961,1.6795078424910757
161.42191378308212,130.3809870831734,-0.6667674968913544,-0.43125308251100086
85.31309524731702,104.10964506115364,-0.7157800591402854,0.8585603390522197
120.16039293378489,49.348919980765054,-1.290082535900958,1.009176229268035
31.01757681629337,14.295486418017589,1.403163472139507,1.0751024459668255
34.61202338556074,15.418484927357497,1.3351623436891389,1.1895455827107917
7.356350927966195,160.9543574395413,0.22497514036037747,0.2864314353041129
30.408311352989617,34.536118449373724,1.2014467797321908,1.2018069697257903
50.14626102575255,58.20688118079374,0.39123868168359954,1.5232416636069464
31.861887169814427,40.798152400857845,1.0751539191986645,1.2811305811424325
15.96645607627001,63.899335049748714,1.096022889361404,1.0462804183478662
21.714456798108145,12.496291694296806,1.5868673759653824,0.807397737025811
82.94017824589064,93.43076236348867,-0.6786673731400831,1.0441498073770326
37.14006931304265,12.170261446598683,1.3315476812141545,1.223653552751499
65.56857498865358,144.0641714080251,-0.27618922610590163,0.518037808874419
90.61510875387424,42.06817474387795,-0.5642062253948191,1.5819672772374969
124.27106915328575,97.20214462881191,-1.1600561355953223,0.3011259105363349
7.076185171397809,158.41423576106249,0.22288083085454136,0.31903159224788114
143.8938718036277,117.15792642849495,-0.9209585556077016,-0.207926718557788
113.0220701083634,95.93240157924035,-1.0752840033765898,0.5215190681025658
14.716625750796943,58.38007556076761,1.1896489599311864,1.0019577985774986
157.2441523392199,59.94034435047563,-1.5676248607735106,-0.10060100845608413
165.75703209572637,120.50765193567422,-0.7577768514446653,-0.5203676163308939
10.994032773875475,178.94508501981016,0.19131348011658977,0.05165922092280944
49.83797666649667,119.13105417288816,-0.13560425206253685,0.9131356528635253
145.11623036275103,100.40101512660448,-1.141976038722528,-0.1656127759456398
134.6867442690585,131.5170918430643,-0.7569554221239373,-0.0812000711668448
33.21378348414792,83.73701021106926,0.4708539880429935,1.2477100569258783
37.68287820060785,10.825621668141338,1.3229309675267718,1.218294059445388
66.68497850244876,101.21342685802377,-0.39478706861532203,1.0760370985715721
87.21413733438384,172.37255121096842,-0.07509941474266293,0.20447020431271654
111.28585887545327,31.554529624378734,-1.0166626072873555,1.4003429858072696
66.40445512255903,124.20088034771983,-0.38420938812156763,0.7641455292838271
83.25624890396662,36.168063958630164,-0.25535356889012495,1.6996387329937659
134.5447688640762,96.44898320515463,-1.204922466288044,0.09619698195410956
6.602976520307622,17.40176093640953,1.722275861970692,0.4502227192339068
45.43864998192374,81.06676852647333,0.22217908364693922,1.3607614437237845
128.40292545921943,136.1093992011443,-0.6994970185740587,-0.023708390960894235
161.13723078369588,62.562874363016775,-1.5109398582136067,-0.2327122986917797
92.1019395808199,119.68411040769925,-0.7388129312437636,0.5701260787134741
95.78042734775681,143.18099294215125,-0.4978741963875972,0.32276467406252995
19.290962041159688,166.89200750630147,0.13426708715549834,0.23223454333845156
80.53422602822184,42.235574733981636,-0.27122018530738384,1.668002601331059
95.87110796190417,71.87686484567547,-0.8883622569171484,1.1734538617294976
43.64469065425134,27.43488239947514,0.988923026150234,1.4652562424749878
48.46378157088857,178.64703038850755,0.10264601200305931,0.158302770133145
67.91114935883208,166.86017422637315,-0.08080729190695181,0.2802400112511631
3.6128155999907463,97.19228345050072,0.8682807688920632,0.8716467260052211
57.97424980497209,151.56599298775583,-0.17933908924695813,0.4472056346968787
38.06064125937804,93.7724359089676,0.2556855830817915,1.1972176163789103
58.94952339202464,112.24542384049674,-0.2813987059512762,0.9603715160013339
21.55718372746522,16.04239778088299,1.5681454721405046,0.8626682638606794
160.29491053318108,135.94867568942541,-0.5874984877310231,-0.39919041319589377
106.84664163972876,22.988427054342267,-0.808689730994444,1.5676739766399934
122.23841744600813,148.6921734454551,-0.5155718863878748,0.050314325525518
142.0508229493209,140.76505578066946,-0.5930580806986396,-0.16325633308139867
89.7195958072303,127.57404559373576,-0.6334476631594673,0.519522380291851
15.645651855736265,6.508868494457181,1.7110817411790353,0.5735946496969154
96.6791775273386,54.56310407015915,-0.8305720826155575,1.390887138456639
105.63140124375825,47.360262583951716,-0.9917643797372301,1.3167879800532913
134.1791053531794,64.82455334487344,-1.448577777755879,0.4498920261157958
77.69871832134228,15.775694417490937,0.1794111749614626,1.7678437840044505
22.964454503201477,168.6524081455913,0.14069039133830824,0.23736893517713337
51.0796630437704,99.68440332822773,-0.0729840788635167,1.177749811942282
65.35481335175432,54.99437591844424,0.01277571063582358,1.6037894477234538
116.26510343968822,71.45667307337102,-1.2477749351147063,0.8011008012003947
102.74009484040414,80.49645729087042,-1.013207623092953,0.9184332877870106
64.09741066161233,108.10698000491111,-0.34694081833761214,1.0247219985609617
177.57274478273635,92.8222969853696,-0.998107920490755,-0.742397673675116
109.0394674842397,165.49055517859512,-0.2677346361795502,0.15514943989517535
42.70082251247901,89.45342692304945,0.2006605666035046,1.2890607910685439
18.32084507167267,178.58844266819628,0.1795308236957168,0.06508578579558658
27.514645053179766,153.25649239411723,0.08630390864825502,0.4459640557618003
44.27239110921146,37.531892584320445,0.8510703576060815,1.4825468151091281
28.92264718672002,167.50713863590494,0.10546952220166493,0.2645710791976446
33.58206432923504,20.945951619385696,1.2937548763725484,1.1941488741105082
51.31713036489248,147.14094752841447,-0.14031057687907583,0.5349036972098046
31.207247153055867,68.51219282578441,0.7276816008720588,1.3203575551090296
161.41777643275654,158.0353776801125,-0.34177979513372764,-0.19443836948690665
14.442074219095598,156.25020421934107,0.17243940534741636,0.38162804541379475
94.41205012264584,145.0665720211718,-0.4700035313793486,0.29800607700672055
73.87142885813907,142.20547853527106,-0.354592079864555,0.4810757146777362
176.82815104354916,54.842245037647345,-1.500619851533173,-0.5597377027608506
20.167002390249422,14.565470949225393,1.577483338938713,0.8083474544430891
71.6140078282335,72.53643217772907,-0.3229538481586564,1.4170901701595733
174.5046779895664,31.23441269757156,-1.7228750730495916,-0.2558336164916524
155.79128266091644,125.09119600244311,-0.7531153643594679,-0.39580946845429854
147.0729727708704,62.29795077680139,-1.5562348443830358,0.14049267228686743
46.42250886808917,175.6098361547847,0.10404739844819169,0.20791689600599353
30.759765730211846,115.37497392215977,0.1829272886077145,0.9444284056112329
120.35577958639757,148.04650145418498,-0.5203657653384873,0.06510978252970953
167.28767804296544,23.854441093532717,-1.7602652089233553,0.07553581224241931
100.21732074250735,155.16260680907206,-0.38884834117244554,0.19749616004573697
102.89028410458198,166.096294292411,-0.24130447857448864,0.176771278838781
50.396236858851154,87.67114538740846,0.049192789945916006,1.3144554704004818
138.50872797454863,109.12552879517594,-1.0524117283569476,-0.07718802235034711
33.66787474035421,137.66576416253918,0.04724319923483847,0.7036062531236762
58.262262552763865,31.47095290687426,0.5495213248684261,1.6337701619257372
76.57855895095501,90.46189376341964,-0.5631534155233061,1.1626868201016691
91.3698681632019,71.75934499901636,-0.7733036493201277,1.2301576304370392
43.633751834714445,26.34731858920484,0.9986735204802991,1.449428878603717
20.670628453056636,66.15619601247566,0.9709205122218407,1.1561817632149987
109.91160763949387,12.271015689388843,-0.7799688682916657,1.6099713781242948
51.95349958324604,4.646143250907658,1.0547983620179437,1.4576763415799652
104.62287985607021,24.3299320478681,-0.7461833750798438,1.5711606189170135
27.785288749356415,173.3607200860513,0.13729388050325952,0.18359528801909517
86.60521833386714,98.91531646110306,-0.7219624208366379,0.9242648129853482
95.86609785928546,173.8479890075796,-0.12070778998304249,0.20116002794411658
9.328236628036844,77.84961809942375,1.026043715247312,0.971701074576171
60.5887700749057,56.12690395534672,0.11889986648597689,1.589392526183362
24.194641849015362,91.10553531124394,0.5739062388683974,1.1345836097694273
11.407494685098193,79.11210395392382,0.9818593189970544,0.9889419852319057
178.19284183019013,19.019643167113905,-1.7678813689498571,-0.21231953865492031
58.02369209545014,115.34873664423712,-0.2911274652298683,0.9524666200345459
145.7774002538343,38.88687285172793,-1.6222199490965659,0.5117192917689792
45.83531785747749,111.52583188160932,-0.03726909915756402,1.0228960932403466
122.67049000030727,117.03619663166761,-0.9393053710856637,0.15148540676978953
136.84101478014358,27.364473563156658,-1.4868959035095803,0.8927294199798412
107.21497330941197,11.042932879920269,-0.6854211957777776,1.67158895303711
84.88371393902851,140.53708549231916,-0.4655360480491689,0.43284521068929416
74.13136454650834,82.76407627847763,-0.4504744385386738,1.295231555455549
62.796287977739155,10.469483190985642,0.669715814691514,1.6467240491187705
167.31524596460866,179.07593709055809,-0.19485664709308648,0.027573191162191237
149.51149340179126,10.400500979345995,-1.618105691431676,0.7844504477138079
173.70484391997226,125.10634119453957,-0.6092456678723182,-0.5848549191635216
22.37350022739805,177.06220654741446,0.17378657038536235,0.11228694147743119
131.55614553665598,43.05241875886661,-1.4646867519085183,0.8147440331835034
168.90128222778682,25.60488636369531,-1.7625505956435934,0.0009266928926956897
32.621951909818826,21.8492890960372,1.3074766536182094,1.197364021100515
11.969328126019949,54.5895265621672,1.2856317793040117,0.932200644006301
133.40171687221064,18.188245981916403,-1.4016197247912892,1.1207311497899048
103.40516037238415,124.58904150494374,-0.7604064284292942,0.389995302379735
151.52917981648898,11.212523663411284,-1.6545295440973677,0.715397984208221
25.15902779273211,91.69598306696214,0.5504069625993898,1.1396501278555606
143.14811613478022,179.40543369353583,-0.1604251235512603,0.11887328528512969
36.29291760859402,146.51464851108338,-0.010296354098663755,0.5441111896014399
29.45806971582681,110.73949888158197,0.24933509510003576,1.0042006394846867
29.56784362757873,55.1256517415901,0.9557000068057714,1.2685013269084415
146.6234496416488,112.30125053249492,-0.9985638770067432,-0.2261968857457695
119.73549972531602,94.86746350409729,-1.1591264084960828,0.39840038342942646
94.15177645844147,76.69500910026687,-0.857591354167889,1.1396700250672573
64.58948714223045,23.527867813235904,0.46321673266156205,1.6995235442580376
157.89609734635948,159.58875874328402,-0.3393393953290989,-0.16645734151490246
70.64011933607436,80.96123678783805,-0.3782023736981705,1.317660382629656
146.98789910488387,35.032052127737714,-1.6238347137380766,0.5137377640145271
79.04428354263932,66.19668315791213,-0.4498064075519894,1.452060716377407
67.84999729648337,74.54335545520686,-0.24695378820425895,1.389511518846058
83.28236142052916,148.95682120203736,-0.3720635784709301,0.3734451601148194
54.24801734954558,132.05058850105237,-0.2189758086192048,0.727165898639193
134.5696884317252,138.47488085544117,-0.6675905068698044,-0.09854362262485389
90.48967021664625,1.9856275971564985,-0.03787203978930882,1.7884639038208605
41.79828512642712,74.90771967235708,0.39014983131731995,1.397933522555483
161.92342318942232,86.64194729435825,-1.2289782319968143,-0.4438353388465395
69.10041984717806,3.4546098281502036,0.6030673862017203,1.6858778419930427
97.83951500051795,46.76637757410616,-0.8035795230693686,1.4653850218302504
163.16497997361844,136.8521681619843,-0.5464158447799041,-0.3996981759354099
112.36283926451858,24.67974703121983,-0.9759395904183203,1.460577399064821
21.041647327505533,96.3558236614665,0.5613514983638164,1.07148126613106
169.16978225042553,38.73633696310275,-1.6866588072564221,-0.19677753931069017
112.98744955285521,2.181739435900789,-0.7108069355595545,1.6556433424635013
60.2830106382755,43.41626236791747,0.3373547441979194,1.6563399723692147
25.068973079409705,175.6572758838097,0.16364001414561502,0.14590634726578827
142.9245340686533,144.27668013893813,-0.5630914803828102,-0.15773465882086982
111.61309606713243,172.723795977786,-0.16489368612635943,0.17221900806388546
96.02299655573788,87.81372790674524,-0.894258094850996,0.9409459721250513
160.90066494917238,19.75251576195063,-1.7481074010522903,0.3062682653789599
141.94749802041554,98.63270801526473,-1.1624579206670775,-0.07595729768137496
27.301478351895213,81.78792022079296,0.6292716660983232,1.2355405058631785
56.10997220319868,151.98427489313087,-0.14316125398203985,0.4432231062607448
44.728045166603835,17.654864541164027,1.0879626156412234,1.40898019094713
133.91033266308185,87.88340466392007,-1.285754974410479,0.19142972690872756
6.035838252440289,27.008759644917166,1.6734428259110965,0.5408448028451217
102.58014327683698,58.44166684021079,-0.9804914912471903,1.2263358374495235
137.2425634333243,132.72427392980393,-0.7402804552302644,-0.10988523801181702
157.8178146171149,85.68326328637798,-1.2939343433782386,-0.315200903948149
61.574714768863345,67.65989132623848,-0.02559042381468318,1.5010499900771028
147.8263148409623,71.00573014260635,-1.461838363195297,0.02181522515566518
19.913712651937303,82.70041831307759,0.7700772238451279,1.105805320186425
152.36141251221326,141.30297789067023,-0.5480435455701317,-0.266257254070374
22.947959219756836,160.5752440092422,0.1223154130798354,0.35177146046757773
71.51171230086611,171.9602435707071,-0.03351042536908329,0.23736748981399675
143.51316584031966,141.6426095259531,-0.6057551406923474,-0.17756084883440973
26.98513692277928,56.77324123464229,0.9742304797939089,1.243124429719753
41.26525114187547,123.86424709557758,-0.014587015060129613,0.853932465090754
130.00546231075194,78.76856232997055,-1.3355896132852216,0.38924559565381817
129.60657657829339,45.84071196828921,-1.437927881124532,0.8430787603464603
115.40657391935352,151.35688429666607,-0.4749213875429324,0.08910480684330266
124.910720004078,6.9167428132185,-1.1209898209372176,1.4320683503655238
97.69039980256731,162.31715858437624,-0.27620504055081857,0.20888182656218302
45.323830603251494,83.06594363245215,0.21519651447584603,1.3521313589990485
62.2252788307055,114.69626582549047,-0.3270971787494645,0.9143280482533637
32.68758902425662,118.68370599704089,0.14444000827540882,0.9097051159074521
163.5211010400531,161.12119332717654,-0.30598238285201435,-0.18077092975523976
105.01052305790168,114.60054279009732,-0.8752379083997672,0.46084788599683907
72.15325501745518,110.50804525681112,-0.4992683814806216,0.9326978796676183
83.16104465594388,11.997367300924193,0.05413958503561222,1.796705502419345
170.51100113012677,93.31344395013673,-1.068167699415793,-0.6329261435289633
27.603252560894436,27.0304201470675,1.3541390835686398,1.1054571288228454
105.5213697630235,132.7380783698674,-0.6937170678193272,0.29547952996797455
91.05996219920388,92.1999457462814,-0.838737685863649,0.9446894808712804
110.06176237823661,122.44100025750359,-0.8190399054906624,0.3209019238314377
3.2598330877512915,7.501122108429168,1.779525324155736,0.20338978899387813
156.98230360994728,15.26256288824458,-1.7216949348562813,0.5148730042395191
167.78129084705023,128.9382098512828,-0.6107136216127625,-0.4961414683198438
101.72397304605761,12.975180479761207,-0.5414000405620903,1.7045794027870855
125.3971482978406,12.826210997746548,-1.1652393821804004,1.3429454522019566
166.04988861191322,2.179525542279741,-1.7475137394502924,0.40086266881673993
127.30295417641175,172.1702516939064,-0.2055805304423972,0.10325669744551165
27.45702772456704,132.75150470262125,0.12095237915657514,0.7327330246537614
103.73190483002637,63.585253530371546,-1.0057399410993015,1.1411222143443849
109.20870834891406,53.37640463177794,-1.0897277506156524,1.1821010370276614
76.34352083442948,62.94658135425292,-0.3740100048856454,1.494297997039725
132.55996241245012,139.43763561261272,-0.6470414643089123,-0.08423127233049836
168.18606265842268,119.0467099926746,-0.7595764383970132,-0.5547714120168431
166.60233232321974,33.335202216144225,-1.7207507367265047,-0.05088527634015078
81.15108685274377,31.339680360135183,-0.16249192944451454,1.7157170436822142
20.382848251335947,17.71121694841152,1.5534587363852064,0.8249814964124591
177.27141581322022,118.85448954624087,-0.6618137188594558,-0.688597003888282
151.00165556026815,137.58707919991247,-0.6084884658676608,-0.2870350103378602
22.43928261658803,47.70835709850073,1.1896700054653924,1.1270706099236845
165.75153887112702,3.770092985564306,-1.740559155520213,0.4111512823165014
156.5813451711831,14.790900145756922,-1.7139303478408288,0.5121993148459436
93.39085028269298,174.21480627210548,-0.10964215248536366,0.200725219512579
106.42957843408726,53.180059945935646,-1.043874391687554,1.2419044014792449
71.82048669662345,138.46016661086406,-0.36649934709691406,0.5480054749006414
9.85709498796564,112.43944239376748,0.5562378018432805,0.8466522342702517
60.33550349626216,68.74913513752126,-0.01493672705615167,1.4779577963457917
144.51362074764205,37.02370719519992,-1.612365408731079,0.5735561056653019
0.8337641408285146,21.84955526869316,1.7430322696308536,0.34113333936535556
60.029850904405954,110.70233424699599,-0.2788343475619444,0.9782987515004813
71.6703648463698,139.43408051480185,-0.3560131263988879,0.5257428486584195
96.73120852882612,115.90276563740352,-0.7945156009760757,0.5588926638353502
165.57401095429688,95.45438398484849,-1.106486703724325,-0.5507287691918749
62.34227898587302,7.551220217694528,0.7350669228462899,1.6420402540956915
62.45157634132099,174.3279799669891,0.026811509106046773,0.21008243907061394
132.7502246597547,143.76855449782343,-0.5976181269584397,-0.03885735073409225
81.3992293601653,52.707966606173656,-0.416825253112465,1.5750909677093394
40.42886812919675,176.3946592845931,0.12426127773457109,0.17114737312529713
81.4391129038848,108.33868613453798,-0.6400052101802721,0.8632659648993386
25.354263668363973,104.83607847730437,0.3877422266172307,1.0503967676560917
31.749657571120196,134.6531722973158,0.06519232600917481,0.7086446523461205
89.70619909310635,146.11856185622477,-0.4465569517700252,0.3299659548220752
75.40658091081862,118.16614931967048,-0.534942369131481,0.7807759596058443
164.67226219225802,23.057234345916005,-1.748258848728187,0.1653592681032032
65.23090184099397,60.88815107900971,-0.04225709338591239,1.5556293053852224
104.50590305004782,167.05505525868895,-0.24714923380821832,0.1526487471953459
113.80757182551547,40.430810131893345,-1.1334494179535495,1.2545803942576494
2.3570021859000545,66.9900642907524,1.2663537139983336,0.7889733841265449
119.43672696300791,77.77383892995528,-1.262141397297413,0.6334349376220635
32.04647403655526,79.0928981450014,0.5582733470522647,1.2964971318170915
172.99265714450192,110.32912484901459,-0.8226912240466385,-0.6703364112933143
26.75929099556033,169.75365079404736,0.11668289993159754,0.22791360152791887
74.63234227086427,43.32468812985089,-0.12007511389335906,1.6857758264963447
15.362940254155895,21.87024773416525,1.603283302714353,0.7716952845735392
179.43736533227053,35.54468817478872,-1.654723672756452,-0.45288016781194596
90.39510185962367,159.6464820376685,-0.2871835868333632,0.25293803579110846
107.16930311760788,116.24594627793708,-0.8745414177089148,0.4113095649146259
12.073765929916947,51.463222063048825,1.3289082991139585,0.927303438627477
134.992884671852,146.8704490143511,-0.5452731553868299,-0.07670645931389553
37.783006757205435,155.04659934541849,0.02704348365750102,0.43939054921798654
161.6497720993285,152.37258096425003,-0.37979407776986657,-0.2857528074557718
36.92513528676129,165.4067760551198,0.04642678171197008,0.3036145560402084
34.32378971945998,45.40338363120509,0.9768300250954448,1.3523065642290923
6.578940212657079,135.9075471743301,0.3669611120941628,0.5995060800254434
84.97205011979986,82.8971095093452,-0.7059771510420021,1.1847365574274717
101.67140398727096,151.55973952021108,-0.42491988633093986,0.2065933894803048
11.827555097103426,131.1283218890904,0.3556107906993348,0.6828799260883698
139.5949710051019,139.76054036995043,-0.6426589723879387,-0.12125667218340791
81.59199025464497,118.10913078259287,-0.6161248636136933,0.7112403451827218
94.39024847896441,31.937178504547237,-0.540291839173339,1.6360804809944327
79.33729444888107,98.1048454014489,-0.6114609947041701,1.0169657897031321
72.13735095755868,177.24055311441148,0.030488885172210958,0.21146288774886193
100.73525963547922,168.72985196948142,-0.19033372714730784,0.18461123777788388
27.94324426752825,7.7712724434621006,1.5368676871194196,0.9226680103888265
32.7470634891488,29.666666831298684,1.1982689385743412,1.2446613424544064
155.1214117824331,23.711179221821144,-1.696562064901584,0.43092224851757294
170.3007831840539,130.6763837973532,-0.562252717680078,-0.5181942895441783
67.19567693035553,147.2013593742501,-0.2748229424942054,0.47415288868409383
48.73404116583968,38.43204593592095,0.6986731901626658,1.5548598244037122
115.91991778302284,91.05348473132922,-1.1653992924968521,0.5187842945430392
73.57215079765736,151.326545042016,-0.27873446816393177,0.40513167826083224
4.569544018862075,131.9042780579251,0.4224941084929982,0.633143493203499
28.107467525914267,97.60269698853268,0.4144953446151122,1.1345561610003856
128.87500119253156,106.26258428257913,-1.07366609882407,0.12653742800128934
118.60630954382725,91.50489844493039,-1.1741719531362653,0.4875995127960095
4.877278650627028,53.5587212373877,1.420785668981162,0.7713320525296807
39.9549891479309,101.7039587146229,0.12888684879126078,1.1519208027541359
41.59346338585285,123.99935436901632,-0.02720327499563833,0.868112442470592
120.94069384777112,157.19812485494538,-0.4026365347896517,0.06477842415674184
3.547896795785548,114.53244371626465,0.6237691544162457,0.7904380060702305
18.739544757223292,137.00187666776844,0.21393306921755179,0.6588413256823927
143.9848953671741,28.812894291823138,-1.603864629399424,0.6940331592471594
32.13803916978005,83.08034539556218,0.5141737241924385,1.242950138322231
117.49429941333744,1.6796915688767933,-0.8559986826800481,1.5726884520714015
42.87290058841077,44.40219561389215,0.7548315026691147,1.4823969184456773
17.89945069668213,130.76310872034088,0.2857978599406562,0.7248645921418554
43.77099437990174,178.52579124288542,0.14418998877340378,0.14725965861790355
130.00804773401865,17.852057925698862,-1.3332191963430473,1.1929546098703274
154.02536425913144,72.26897685503188,-1.4448539925543382,-0.12445963910763519
149.4395756220585,144.0127743658487,-0.5477341701573155,-0.2185123182164953
71.49303533132186,36.726414233201794,0.06992889941103847,1.6967677702212107
120.25532458271631,99.91529087441153,-1.1122135756530487,0.3466208889722178
36.89717317484777,131.95283328534146,0.01247075864016739,0.7470336029257945
52.76659144698239,110.87738104683223,-0.17039849987125474,1.0175843554773976
161.34044733380156,33.844452230774905,-1.7264102347084107,0.10626021151501212
2.3403462319324864,63.9692223634331,1.311439850201625,0.768642699802632
15.391535553804253,141.08252120737149,0.22231285983010488,0.5721937472422989
37.41952592628492,99.760772543763,0.20673885023910274,1.1501248370803987
4.775796697287548,0.9413304377242926,1.785391187341949,0.1573445674490646
32.658378316163514,136.9783368050569,0.06177397384594814,0.6542454565479423
104.94748097454459,6.356043889243033,-0.5337079167354569,1.7320274847357815
75.85641910664962,134.2320808916218,-0.45364952759417254,0.5795044663646237
160.68090799385547,36.44650082974273,-1.7058185160208865,0.09146784427814222
147.13984111291936,172.45322642148844,-0.22583260494376006,0.02420904176339928
61.52712330561768,66.22933523437521,-0.008382418483635419,1.4998227996714715
46.696218017632646,58.847690940854235,0.4722445178399907,1.5154250117635613
68.34463347010804,26.799849059840042,0.3047156237131305,1.745170610171116
106.2530896526654,55.00875878823868,-1.0326555592915745,1.2185966115404474
48.25145534811773,157.7971371290761,-0.06525146163236947,0.40500299096936887
112.34680341284412,179.34018077290452,-0.07589170941039672,0.18327907578840785
73.69409739442328,66.2957154912327,-0.3231056205240727,1.460748159213763
99.36849255335645,80.74991357181766,-0.9704145657228409,0.9808903328938052
78.502775244357,129.97276887649267,-0.5035167129854731,0.5998267548627859
53.003836717545184,159.51524048371343,-0.06597516742308032,0.36406601529956245
170.7215952531882,106.74798015362114,-0.8850099284207608,-0.6341659029957827
137.44904294875695,70.47462567200928,-1.4328042203400873,0.3006957728278626
25.22037163796146,74.27193135275228,0.7963822466098665,1.2143384047390884
156.3242356616243,125.21126636942523,-0.7637123250857454,-0.3817577785755777
87.73761568491246,0.5792874487701627,0.049162435088869985,1.7882693312354547
161.01940084093644,111.52608074277133,-0.9070606384787194,-0.4811328116528191
143.97394607051675,63.98874187944433,-1.50813651115645,0.20019005316125013
76.53843080446202,142.95551962987517,-0.3868689551492898,0.4735070433434222
4.044475497621132,16.738315168163787,1.759988043513344,0.33333526627499005
48.36192468929029,105.8764080507103,-0.06945085350347448,1.1065955512055377
97.49415863895605,86.57512017950228,-0.9214791069025461,0.9485515610446881
114.0260795687065,115.61859466294094,-0.9312317701656431,0.30070368254659646
46.41978337797641,11.673647006934303,1.1293917763866508,1.377507435176701
25.084093333108342,104.39708173706363,0.4169519548314366,1.0378017171649896
150.28744262387383,101.06722583271427,-1.1319567263824906,-0.2630054153735279
177.1923925266394,100.91881699491077,-0.8914192774488329,-0.7531204538296833
94.62423281448345,108.62777998736186,-0.8070464921024738,0.675771779206657
30.90227145269463,121.7642287007452,0.14349410646717664,0.8962124491398213
49.01531877348641,144.89801994253855,-0.1211253113593767,0.5691710122880431
3.310321778544012,48.567729623078584,1.4924551427046917,0.677857109596249
164.57378518088981,148.50889383241116,-0.4367281269891504,-0.33427383675953515
21.195194920225404,89.68602280742165,0.6470703589189056,1.1057333006369654
103.77296559256564,13.87049024417961,-0.6161469218504902,1.6777937044467468
49.32993972369708,10.539167263916255,1.048352638531137,1.4553416867482882
99.75204045284282,60.162897365290945,-0.9062953356278561,1.2549287385575496
117.25566990333556,141.28145588006416,-0.6295133044700485,0.11004387616366539
149.35352466729628,127.38256825336484,-0.7583597026013715,-0.2653865880900915
37.155828916908575,141.95069364103315,-0.005696575228241661,0.6246146689207192
1.979249158526486,93.10843015948969,0.9256617116293269,0.8309047857843389
24.63941341238531,79.2358196319883,0.7250065252328656,1.191730833337434
162.00335553265893,26.54145480713111,-1.7387940680796194,0.18652827318725204
157.30021396125275,59.07469564967608,-1.5609562679195488,-0.07674408061735817
107.5343583906555,78.12348591129755,-1.0876985119807308,0.8683932373912016
108.09303487805761,15.948077342331102,-0.7617040664380971,1.6139146099586652
119.70660141832599,39.71015148801803,-1.2506110106713169,1.1503407512946597
31.566830152220927,107.68055293147299,0.23515049799625298,1.040710374028626
164.59415026649276,132.41936056305417,-0.6089619168034565,-0.4607896637145778
75.37869448057316,179.70255205073093,0.0759608621612896,0.19781162387129014
68.96493508490954,167.96039964184038,-0.06519916413283254,0.2623828057940146
93.40518695091076,115.66173591633448,-0.7721497599787026,0.6145721664024328
8.453874019509907,75.82464959293296,1.0556641357630998,0.9376917701426805
29.931006376094295,114.51192564748189,0.22061614293594142,0.9763758494323174
132.84605095674667,141.41729125444175,-0.6150855947177889,-0.07337052555466791
14.903760226522763,21.30051436620972,1.6173810382675424,0.7468493129559944
108.56737970394988,73.78288014533189,-1.120296266762661,0.8976668687775234
44.16283974263777,151.1644114144111,-0.055437370539599636,0.48958226283705697
70.07321052755577,69.08993134794792,-0.26116169156402147,1.4680091339578454
51.96487261872598,102.93700882089358,-0.10746277252298625,1.119013328761195
64.02108896369084,105.79848495519568,-0.3715575457161848,1.0445980767944678
129.42826293316418,33.205725564055086,-1.4009436512045756,1.0239953044500234
53.481908812171504,65.20237949741191,0.20257615301021661,1.4833230707579956
101.95283525344149,60.21203197354779,-0.966907727999537,1.228369127430425
85.68907239583794,4.7154075357716625,0.0993739429582802,1.77221817247202
119.46080976527666,4.354517500443944,-0.9333676208307643,1.5257041606841153
168.62935307845643,149.70546786163922,-0.38587373904268896,-0.3183743984429446
131.86297749784507,49.152745795106235,-1.458007747852308,0.7247436704412663
38.68926814633622,93.25417792298678,0.25065697816222066,1.2084016104918993
5.6129643110312415,53.770603245979146,1.4068368439967214,0.7843055087132977
47.20752797396852,169.3222641207613,0.04257543158242318,0.278305641627376
107.11402752604587,46.67341659583927,-0.991438160973678,1.2907661497387992
9.256646427165062,77.33822629300832,1.0231853920922582,0.9489315723736762
89.34592449622254,157.09144508722832,-0.3036491762952818,0.2816102366713422
107.43171280504006,151.54804202252555,-0.4617573920806098,0.18740392822310276
60.163900347052945,33.498255212329916,0.45197720249761125,1.6647842664474695
138.76419667424796,144.47579576322786,-0.5779657235909114,-0.1319664435633587
19.187685564078926,82.47363961282068,0.778572346060649,1.1331096774055824
13.524800712445577,86.93439697536394,0.8240896668545871,1.036518207763331
131.0739761166486,24.026395034869882,-1.3729121337981967,1.0974753160408237
89.18843691711572,14.508272476282437,-0.1660773595064196,1.769025838767662
123.91243135699249,131.02907525527775,-0.7782263765017041,0.05687208401979637
78.26892094867432,89.36300742395396,-0.5775656630799384,1.1488618979822145
44.35236598303923,78.63312647073232,0.27241698356649485,1.3734243772406334
147.43841718135596,131.31148115743142,-0.7337011999064814,-0.23797361562820787
143.89485821441627,137.79232181839976,-0.6480526251833965,-0.18535149263346634
125.04536475379682,28.60347018048364,-1.2941819884772163,1.163021149782517
48.98612470139329,109.84052690597544,-0.06548458804610915,1.0572683272685057
106.24152003643567,24.363734809983395,-0.7960324026769289,1.5705918759187483
64.97530144920482,135.24751548522823,-0.34145162153339037,0.6364586556827668
16.484773198794148,118.25192812808511,0.3901675462892309,0.8667049392514445
165.1164435832037,172.19063179502243,-0.21816741235901774,-0.06289405783011238
24.627353565413053,12.412442944155814,1.5684955435904646,0.8982522426572317
171.04272368774443,10.269849807225777,-1.80345463268452,0.1320580071665529
80.28103913243203,50.793673444776026,-0.3756177530879101,1.5730518232776656
